{
  "text": " Hey there, Blitzy viewers. I'm Aiden, the newest member of your favorite YouTube channel. As a digital avatar, I'm here to add a spark of virtual fun to our videos. Let's get ready for some amazing content, created with a touch of digital magic.",
  "segments": [
    {
      "id": 0,
      "seek": 0,
      "start": 0.0,
      "end": 1.76,
      "text": " Hey there, Blitzy viewers.",
      "tokens": [
        50364,
        1911,
        456,
        11,
        2177,
        6862,
        88,
        8499,
        13,
        50452
      ],
      "temperature": 0.0,
      "avg_logprob": -0.24315913755502275,
      "compression_ratio": 1.3687150837988826,
      "no_speech_prob": 0.005137409083545208
    },
    {
      "id": 1,
      "seek": 0,
      "start": 1.76,
      "end": 5.2,
      "text": " I'm Aiden, the newest member of your favorite YouTube channel.",
      "tokens": [
        50452,
        286,
        478,
        316,
        4380,
        11,
        264,
        17569,
        4006,
        295,
        428,
        2954,
        3088,
        2269,
        13,
        50624
      ],
      "temperature": 0.0,
      "avg_logprob": -0.24315913755502275,
      "compression_ratio": 1.3687150837988826,
      "no_speech_prob": 0.005137409083545208
    },
    {
      "id": 2,
      "seek": 0,
      "start": 5.2,
      "end": 10.040000000000001,
      "text": " As a digital avatar, I'm here to add a spark of virtual fun to our videos.",
      "tokens": [
        50624,
        1018,
        257,
        4562,
        36205,
        11,
        286,
        478,
        510,
        281,
        909,
        257,
        9908,
        295,
        6374,
        1019,
        281,
        527,
        2145,
        13,
        50866
      ],
      "temperature": 0.0,
      "avg_logprob": -0.24315913755502275,
      "compression_ratio": 1.3687150837988826,
      "no_speech_prob": 0.005137409083545208
    },
    {
      "id": 3,
      "seek": 0,
      "start": 10.040000000000001,
      "end": 14.32,
      "text": " Let's get ready for some amazing content, created with a touch of digital magic.",
      "tokens": [
        50866,
        961,
        311,
        483,
        1919,
        337,
        512,
        2243,
        2701,
        11,
        2942,
        365,
        257,
        2557,
        295,
        4562,
        5585,
        13,
        51080
      ],
      "temperature": 0.0,
      "avg_logprob": -0.24315913755502275,
      "compression_ratio": 1.3687150837988826,
      "no_speech_prob": 0.005137409083545208
    }
  ],
  "language": "en"
}